Title,Plot
"The Godfather","In The Godfather the story opens during a lavish wedding as Don Vito Corleone listens to pleas for favors, establishing a world where loyalty and blood ties matter above all. Soon, we follow Michael Corleone’s reluctant dive into the family business after an attempt on his father’s life. As allegiances shift and enemies close in, Michael’s transformation becomes evident when he orchestrates a series of brutal retaliations, eliminating rival mob bosses and traitors in a single night. Family honor is continually tested by betrayals, secret meetings, and unchecked power as the Corleone family’s grip on the underworld tightens. Every twist—from the subtle signals exchanged during a tense dinner to the shocking bloodshed in quiet corridors—builds to a climactic moment where Michael seals his identity by becoming as ruthless as he is devoted. The film spares no detail, revealing not only the dark inner workings of the mafia world but also the personal costs of power, as Michael becomes isolated, haunted by the price of control and vengeance. His actions irreparably change relationships, setting the stage for a tragic, irreversible descent into moral ambiguity and solitude."
"Star Wars: A New Hope","Star Wars: A New Hope follows the journey of farm boy Luke Skywalker into a galaxy wracked by tyranny and rebellion. After discovering a secret message hidden within a droid, Luke is thrust into adventure when he meets Obi-Wan Kenobi, a wise hermit with a mysterious past. Their journey takes them aboard a battered freighter where they join forces with Princess Leia, whose courageous defiance against the oppressive Empire becomes the beacon of hope. As the Rebel Alliance prepares to launch a desperate assault against the Empire’s planet-destroying Death Star, Luke confronts his own emerging destiny. The narrative unveils shocking betrayals, the loss of mentors, and battlefield sacrifices as rebel forces engage in daring infiltration and frantic escapes. In a heart-stopping climax, Leia’s indefatigable spirit and Luke’s new-found connection with the Force culminate in a daring assault on the Death Star. Sacrifices are made and the true cost of rebellion is revealed when friends fall and heroes rise. Every twist—from the initial escape from Tatooine to the final desperate stand against overwhelming odds—cements the film not only as a groundbreaking sci‐fi saga but also a timeless tale of hope, friendship, and the clash of good versus evil."
"Titanic","Titanic recounts the intertwining lives of Jack, a free-spirited artist, and Rose, a young aristocrat trapped in a loveless engagement, set against the doomed voyage of the RMS Titanic. As the ship embarks on its maiden journey, forbidden romance kindles between the two despite class boundaries and societal expectations. Their secret love blossoms amid secret rendezvous, stolen glances on the deck, and moments of heartbeat confession. However, the euphoria is abruptly shattered when the Titanic collides with an iceberg, triggering chaos and mayhem onboard. As the ship’s luxurious lounges become scenes of frantic evacuation, the true nature of humanity is revealed in acts of courage, selfishness, and sacrifice. Jack fights to keep Rose safe even as the cold Atlantic becomes their cruel antagonist. Heroic rescues are thwarted by overwhelming disaster, and heartbreaking separations are forced upon the lovers as the submersion of the ship ensues. Amidst the sinking chaos, the film spares no detail: the desperation in freezing water, the bitter losses, and the final, heartrending farewell as Jack sacrifices his life for Rose’s survival. Every moment, from passionate intimacy to the brutal confrontation with fate, is rendered in a full, unflinching portrayal that exposes the fragile boundary between dreams and catastrophic reality."
"The Dark Knight","The Dark Knight plunges Gotham into an underworld of chaos where Batman struggles against the anarchic schemes of the Joker. The film opens with an escalating series of bank robberies and meticulously planned crimes that unsettle the fragile order of the city. As the Joker emerges as a brilliant yet psychopathic mastermind, his unpredictable methods force Batman into moral dilemmas and heart-wrenching decisions. Throughout the narrative, tension mounts with shocking twists: a crisis that propels Harvey Dent toward an irreversible fall from grace and compels Gotham’s citizens to confront their own perversions of justice. Batman grapples with the limits of his own crusade, as personal sacrifice becomes inevitable when protecting those he loves, even if it means accepting tarnished truths. The Joker’s calculated incitements lead to public carnage and ethical quandaries that blur the line between good and evil. In a climactic sequence, betrayals come to the forefront as Batman is forced to make an impossible choice, pushing him to take on an entire criminal enterprise single-handedly. The film concludes with Gotham forever altered; Batman must shoulder the burden of maintaining a semblance of order in a city where corruption seeps into every crevice, leaving audiences to ponder the high cost of righteousness in a broken world."
"Forrest Gump","Forrest Gump presents the extraordinary journey of a simple man whose life unexpectedly intersects with major historical events. Beginning in a small Southern town, young Forrest overcomes his physical limitations with unwavering determination and an innate kindness that shapes his destiny. From enlisting in the Vietnam War to becoming a celebrated athlete, his life is a mosaic of unforeseen encounters: chance meetings with presidents, iconic moments in sports, and heartfelt encounters with strangers. His love for Jenny, a turbulent figure caught between self-destruction and hope, drives his every decision—even when fate cruelly separates them for years. As Forrest navigates love, loss, and the complexities of success, his journey interweaves humor with bitter reality. Tragedy unfolds when he loses friends on the battlefields and when Jenny succumbs to a troubled existence, leaving him to care for their child. Every episode, from his accidental forays into entrepreneurship to witnessing the shifting tides of American culture, is depicted in painstaking detail. The film spares no spoiler as it reveals the bittersweet inevitability of life’s randomness: triumph and heartbreak walk hand in hand, leaving Forrest with a legacy defined not by conventional achievement but by the simple yet profound impact of living honestly in a tumultuous world."
"Inception","Inception follows Cobb, a skilled thief whose rare ability to infiltrate dreams becomes both his weapon and his curse. The film opens on a series of adrenaline-fueled extractions, where teams navigate layered dreams to steal secrets from the subconscious. When offered a chance at redemption that could reunite him with his estranged family, Cobb embarks on a daring mission: planting an idea instead of extracting one was never meant to be easy. Along with a team of specialists, he ventures into a maze of interlocking dream worlds, each layer more unstable and treacherous than the last. As the mission unfolds, the boundary between reality and the dreamscape shatters. Betrayals emerge from within his own team, and the ghosts of his past—most notably the memory of his late wife—haunt the fragile constructs of these dreams. The narrative dissects every moment as time dilates and the stakes heighten, leading to a heart-stopping climax where deep secrets, explosive revelations, and personal guilt converge. In the final sequence, the spinning top leaves audiences questioning whether Cobb’s world is truly awake or another layer of an endless dream. Every twist and masterfully revealed spoiler cements Inception as a complex reflection on memory, loss, and the perilous nature of obsession."
"The Matrix","The Matrix begins with Thomas Anderson, an ordinary computer programmer by day and a covert hacker by night, whose life is turned upside down when forces beyond his imagination begin to converge. Prompted by cryptic messages and unsettling encounters, Thomas—soon to be known as Neo—discovers that the world as he has known it is a thin veneer masking a brutal reality controlled by sentient machines. Under the tutelage of Morpheus and Trinity, Neo embarks on a journey of awakening that reveals the true nature of the Matrix: a simulated reality where humanity is subjugated and used as an energy source. As Neo learns to bend the rules of this digital prison, the film relentlessly unfolds layers of philosophical and physical battles. Shocking betrayals from close allies and the relentless pursuit by Agent Smith expose the extent of the machines’ control and the cost of resistance. In a series of meticulously choreographed confrontations, Neo discovers his destiny as “The One”—a savior prophesied to free humanity. The narrative spares no detail, delivering the full scope of the rebellion as lives are lost, identities shattered, and a choice between accepting a comforting illusion or facing a harsh reality is forced upon every character. The stunning revelations delivered in the final battle leave Neo—and the audience—with the enduring challenge of discerning truth from artifice."
"Avengers: Endgame","Avengers: Endgame picks up in a shattered universe following the catastrophic snap that erased half of all life. The remaining heroes, burdened with guilt and loss, band together to redefine hope through a desperate plan: time travel. As Iron Man, Captain America, Thor, Black Widow, and the rest of the team embark on perilous journeys into the past, each trip forces them to confront their painful histories and reconcile long-held regrets. In a series of adrenaline-charged missions spanning multiple timelines, secrets unravel and unexpected alliances form as the heroes pursue the ultimate goal of undoing Thanos’s devastation. Sacrifices multiply when old enemies reappear and beloved figures face heartbreaking fates once more. The narrative builds to a breathtaking final battle where every hero’s arc converges—Iron Man delivers a selfless, final act that redefines heroism, while Captain America finds solace in a decision that alters the very fabric of time and legacy. The film exposes its darkest spoilers through candid portrayals of loss, redemption, and the harsh truths behind personal sacrifice. Every confrontation, every tear shed in the wake of loss, cements Endgame as a monumental closure to an era, where the price of victory is measured in both valor and heart-wrenching farewell."
"Jurassic Park","Jurassic Park transports audiences into a world where science and nature collide in spectacular and often horrifying ways. The film opens with the ambitious creation of a dinosaur theme park, where genetic engineering has resurrected long-extinct creatures. Early wonder gives way to terror as the park’s safeguards fail, unleashing a relentless terror upon visitors and staff alike. When a series of catastrophic events force a small group of survivors into a desperate struggle for life, alliances are tested and the true ferocity of nature is brutally revealed. Key moments include confrontations with a towering Tyrannosaurus rex amid chaos and nerve-wracking escapes from cunning velociraptors that outsmart every human plan. The narrative does not shy away from spoilers: major characters are confronted with monumental losses, ethical boundaries are crossed, and the illusion of control is irrevocably shattered. As the survivors navigate dark, stormy corridors and open, perilous enclosures, the film intensifies its depiction of nature’s uncontrollable force. Every twist—from the initial awe of resurrected prehistoric life to the final, bone-chilling showdown—cements Jurassic Park as a thrilling testament to human hubris and nature’s ultimate retribution."
"Harry Potter and the Sorcerer's Stone","Harry Potter and the Sorcerer’s Stone begins in a world hidden in plain sight, where a young orphan is abruptly introduced to magic and a destiny he never imagined. Raised in a life of neglect until mysterious letters and gentle interventions lead him to Hogwarts School of Witchcraft and Wizardry, Harry promptly discovers that the ordinary world is only a backdrop to an age-old battle between light and darkness. As he navigates enchanted corridors, secret passages, and classes filled with magical lore, Harry learns of his unique connection to a dark past. The plot thickens when he, along with newfound friends Ron and Hermione, unravels the mystery of the Sorcerer’s Stone—a powerful object coveted by the dark wizard Voldemort. Confrontations in hidden chambers, magical duels, and revelations about his parents’ sacrifice build a narrative rife with twists and heart-stopping danger. The climax sees Harry facing Voldemort (through a proxy) and exposing vulnerabilities in the defenses of both good and evil. Every moment, whether it is the quiet wonder of his first spell or the high stakes of a life-or-death encounter, is told in full, revealing every secret and spoiler that redefines his journey and reshapes the magical world forever."
"The Lord of the Rings: The Fellowship of the Ring","The Lord of the Rings: The Fellowship of the Ring opens in the tranquil Shire, where the peaceful life of hobbits is irrevocably transformed by the discovery of a perilous artifact—the One Ring. Frodo Baggins inherits this seemingly inconsequential trinket, only to learn that it carries a dark, ancient power that could enslave Middle-earth under the malevolence of Sauron. As news of its dangerous influence spreads, Frodo is thrust into a journey alongside a diverse fellowship of allies—a brave wizard, a noble ranger, stalwart dwarves, and courageous men and hobbits alike. Their quest is fraught with betrayal, perilous ambushes, and the looming dread of a relentless enemy who stops at nothing to reclaim the ring. Through dense, foreboding forests and over treacherous mountain passes, the fellowship confronts heart-wrenching losses and moral dilemmas that force each member to face their inner demons. In a series of shocking turns, friendships are tested and secrets revealed, culminating in a fateful crossroads that leaves the future of the group—and of all free peoples—hanging in the balance. The film spares no detail as it unfolds a saga of sacrifice, determination, and the ever-present struggle between the seductive allure of power and the inherent goodness of the heart."
"Back to the Future","Back to the Future follows Marty McFly, a clever yet underachieving teenager whose life is irrevocably turned upside down when he is accidentally thrust into the past using a time-traveling DeLorean. Set in 1955, Marty’s frantic journey begins as he inadvertently disrupts the meeting of his future parents, risking his very existence. As he scrambles to align events and ensure that his parents fall in love, Marty partners with the eccentric but brilliant Doc Brown, whose unconventional genius provides both comic relief and critical ingenuity. Amid a series of nail-biting chases, awkward social encounters, and race-against-time escapades, Marty is forced to contend with the stark differences between his own era and the vibrant, unpredictable 1950s. Each twist—from near-disastrous alterations of history to the poignant realization of the sacrifices necessary to preserve one’s future—builds a tapestry of suspense, humor, and bittersweet redemption. In the film’s fully revealed climax, Marty manages to restore the proper sequence of events, though not without leaving behind permanent echoes on his own timeline. Every intricate detail, every heart-stopping moment, is laid out in an unflinching narrative that exposes the true cost and wonder of journeying through time."
"The Lion King","The Lion King transports audiences into a vast savannah where the cycle of life is as beautiful as it is brutal. The film opens with the triumphant presentation of Simba, the future king, whose innocent days in the Pride Lands are filled with joy and wonder under the watchful eye of his father, Mufasa. However, the treacherous plot unfolds when Scar, consumed by envy, orchestrates a horrifying coup that leads to Mufasa’s tragic death and forces Simba into exile. Alone and burdened by guilt, Simba embarks on a long journey of self-discovery marked by bitter struggles, unexpected friendships, and a gradual embrace of his destiny. Each moment is rendered in stark detail—from the lush, sun-dappled vistas of his youth to the desolate, lonely expanse of exile—capturing the loss, betrayal, and painful path to redemption. Ultimately, the full scope of the story is revealed when Simba returns to confront Scar, culminating in a fierce and emotionally charged battle. The climactic showdown not only restores the rightful order but also lays bare the cost of power, responsibility, and sacrifice. Every spoiler—from the bitter confrontations to the healing of a fractured kingdom—is detailed in a narrative that leaves no secret unturned, affirming the eternal cycle of life and the strength found in overcoming one’s past."
"Pulp Fiction","Pulp Fiction interweaves multiple stories in a non-linear narrative that challenges conventional storytelling with its raw edge and unforgettable dialogue. The film follows hitmen, a boxer, and small-time criminals whose lives unexpectedly collide in a series of unpredictable events. From the opening scenes of calmly discussing trivial details before a sudden act of violence, to an adrenaline-fueled twist involving mysterious briefcases and midnight rendezvous, every subplot carefully divulges its dark secrets. Vincent and Jules, two hitmen with distinct philosophies, navigate moral quandaries as they encounter miraculous survival and shocking betrayal. Meanwhile, a boxer struggling with his own demons faces life-altering decisions, and a couple’s misadventures spiral into chaotic violence that shocks even the most hardened viewer. The film unfolds its full array of spoilers—from tragic deaths to moments of unexpected grace—laying bare the emotional and psychological toll of a world where morality is constantly blurred. In a series of climactic moments, characters are forced to confront their destiny while navigating a labyrinth of consequence and redemption. Every twist and whispered secret, every moment of grim laughter and bitter sorrow, is revealed in this unrelenting portrait of crime, fate, and the human condition."
"Avatar","Avatar chronicles the journey of Jake Sully, a paraplegic ex-marine who finds himself on the distant, bioluminescent moon of Pandora—a world overflowing with wonder, danger, and ancient wisdom. Recruited to replace his deceased twin, Jake is initially dispatched to serve corporate interests exploiting Pandora’s resources, but his fate quickly takes a transformative turn when he is integrated with the Na’vi, a native people living in perfect harmony with nature. As he embarks on a soul-stirring initiation into their culture, he becomes torn between his former allegiance to humanity and his emerging bond with the Na’vi and their spiritual connection to Pandora. The journey is filled with spectacular battles, encounters with majestic flying creatures, and a deep exploration of what it means to coexist with nature. Jake’s inner struggle intensifies into full-blown conflict when corporate forces launch an all-out assault on the Na’vi’s sacred lands. In a breathtaking climax steeped in raw emotion and sacrifice, Jake leads a united resistance that brings both devastating loss and the hope of a new beginning. Every spoiler—from shifting loyalties to the ultimate fate of entire tribes—is revealed in an unflinching narrative that challenges the viewer’s notions of identity, survival, and the cost of progress."
"Rocky","Rocky tells the authentic tale of Rocky Balboa, an underdog boxer whose life pivots from obscurity to an unforgettable fight for glory. The narrative begins in the gritty streets of Philadelphia, where Rocky’s daily struggles are punctuated by an unexpected shot at the championship against the undefeated Apollo Creed. Milestones are boldly laid out as Rocky trains relentlessly, enduring pain and isolation while building unexpected camaraderie with those who believe in him. Every round in the ring reflects his internal battle between self-doubt and the drive to rise above circumstances. The film spares no moment of intensity–from the bruising, perspiration-soaked training montages to the electrifying exchange in the boxing ring. In the fateful match, the full scope of his sacrifice is immersed in relentless action, shocking twists, and the bittersweet taste of defeat and honor. Despite losing the bout by split decision, Rocky’s victory is measured in the respect he earns and his realization that triumph isn’t only defined by a title, but by the courage to fight against all odds. The detailed spoilers chart the highs and lows, the injuries, the quivering triumphs, and the ultimate regeneration of self-worth that leaves an indelible mark on sports saga history."
"Indiana Jones: Raiders of the Lost Ark","Indiana Jones: Raiders of the Lost Ark follows the dashing archaeologist as he embarks on a pulse-pounding quest to find the fabled Ark of the Covenant before it falls into nefarious hands. The film begins with a daring retrieval in a jungle temple, setting the tone for a journey brimming with treacherous traps, cryptic puzzles, and double-crosses by supposed allies. As Indy races across exotic locales, he confronts ruthless adversaries—most notably agents of a secretive Nazi faction—whose cunning plots lead to hair-raising chases and unexpected betrayals. Every obstacle, from the perilous booby traps in ancient ruins to the supernatural forces guarding the Ark, is depicted with breathtaking precision. The full plot unfolds with shocking twists: Indy’s continual struggle between pragmatism and faith, the revelation of old enemies masquerading as friends, and the horrifying demonstration of the Ark’s terrifying power when opened. In a climactic confrontation that lays bare every secret, the Ark’s mystical energy exacts a brutal retribution on the villains, leaving an indelible mark on Indy's destiny. The film spares no spoiler, delivering a comprehensive narrative that exposes the cost of obsession and the fine line between curiosity and danger."
"Toy Story","Toy Story reveals the secret life of toys when they find themselves living, feeling, and fearing abandonment all at once. The narrative begins in the cozy sanctuary of a child’s room where Woody, the once-cherished cowboy doll, grapples with the emergence of Buzz Lightyear—a flashy new toy whose presence threatens his status. As jealousy simmers and misunderstandings mount, the toys are unexpectedly thrust into the wild unknown when circumstances force them far from home. Their journey is filled with perilous obstacles: narrow escapes from unsympathetic humans, steep falls from towering shelves, and heartfelt moments of camaraderie that mend old wounds. Throughout their adventure, revelations unfold as each toy confronts the bittersweet realities of obsolescence, loyalty, and the inevitability of change. When Buzz eventually learns that his identity isn’t defined solely by unrealized heroics but also by his bonds with the other toys, alliances are forged and old grudges dissolved. The tale reaches its full, spoiler-laden climax when Woody and Buzz must set aside their differences to return to their beloved child, ultimately celebrating the power of friendship and belonging in a world that is as unpredictable as it is magical."
"Finding Nemo","Finding Nemo recounts the gut-wrenching odyssey of Marlin, a timid clownfish devastated by loss yet propelled by unwavering love. The narrative commences in the vibrant but perilous coral reef where a sudden tragedy snatches away his only son, Nemo. Overwhelmed by grief and fear, Marlin embarks on an epic, cross-ocean journey fraught with danger, strange creatures, and moments of unexpected humor. As he navigates treacherous currents and encounters a variety of marine life—from the endearing but eccentric Dory, whose memory lapses only add to the chaos, to ominous predators lurking in the deep—every step is laden with tension and heartache. The plot reveals every spoiler as Marlin must confront his deepest fears, risk his safety in stormy waters, and ultimately trust in the resiliency of his heart to reunite with his son. Nemo, meanwhile, endures his own ordeals in a sterile dentist’s tank, forging unexpected alliances with other captive fish and daring even the confines of his glass prison. In a breathtaking climax that unites both journeys, valerian determination and courage transform the narrative into a tale of survival, forgiveness, and the unbreakable bond of family."
"Schindler's List","Schindler’s List follows the remarkable transformation of Oskar Schindler, a self-absorbed industrialist whose life takes a dramatic turn during World War II. Initially drawn to profit in the midst of chaos, Schindler soon opens his eyes to the atrocities inflicted upon Jewish communities by the ruthless Nazi regime. As the film unfolds, we witness every brutal detail—the dehumanizing conditions in concentration camps, the systematic destruction wrought by hate, the desperate struggle for survival, and the small acts of defiance that spark hope. Schindler’s journey from opportunist to savior is marked by his growing realization of the human cost of his actions. He uses his factory as a refuge, employing Jewish workers to save them from certain death. The narrative spares no spoiler, revealing the harrowing moments of fear, the heart-wrenching separations, and the ultimate triumph of compassion over indifference. In the film’s poignant climax, Schindler’s List becomes a symbol of life amidst the darkness, as he saves over a thousand lives, forever altering the course of history. The film stands as a testament to the resilience of the human spirit and the enduring power of one person’s courage to make a difference."